资金账号,市场代码,证券代码,证券名称,成交编号,任务号,委托编号,操作,brokerPriceType,offsetFlag,委托类别,成交量,成交日期,成交时间,手续费,成交额,备注
9220717,BJ,430300,辰光医疗,02103687,2,1580723441,48,50,49,48,6968,20250519,143200,184.30778080000002,152320.48,2025-05-19FOF国君收盘调仓(05-19 14:27:50)
9220717,BJ,430718,合肥高科,02105353,2,1580721234,48,50,49,48,1303,20250519,143212,28.883861600000003,23870.96,2025-05-19FOF国君收盘调仓(05-19 14:27:50)
9220717,BJ,430718,合肥高科,02108647,2,1580721234,49,50,48,48,1000,20250519,143239,22.1672,18320,2025-05-19FOF国君收盘调仓(05-19 14:27:50)
9220717,BJ,830974,凯大催化,02117816,1,1580721232,48,50,48,48,1302,20250519,143345,2.296728,10936.8,2025-05-19FOF国君收盘调仓(05-19 14:27:50)
9220717,BJ,830974,凯大催化,02117817,1,1580721999,48,50,48,48,440,20250519,143345,0.7761600000000001,3696,2025-05-19FOF国君收盘调仓(05-19 14:27:50)
9220717,BJ,830974,凯大催化,02119556,1,1580721999,48,50,48,48,6000,20250519,143359,10.584,50400,2025-05-19FOF国君收盘调仓(05-19 14:27:50)
9220717,BJ,830974,凯大催化,02122299,1,1580721999,48,50,48,48,817,20250519,143418,1.4411880000000001,6862.8,2025-05-19FOF国君收盘调仓(05-19 14:27:50)
9220717,BJ,831370,新安洁,02098878,1,1580722001,48,50,48,48,2441,20250519,143121,2.3016189000000002,10960.09,2025-05-19FOF国君收盘调仓(05-19 14:27:50)
9220717,BJ,831370,新安洁,02107115,1,1580724399,48,50,48,48,13553,20250519,143226,12.779123700000001,60852.97,2025-05-19FOF国君收盘调仓(05-19 14:27:50)
9220717,BJ,831768,拾比佰,02108608,1,1580722002,48,50,48,48,942,20250519,143239,2.2966902000000005,10936.62,2025-05-19FOF国君收盘调仓(05-19 14:27:50)
9220717,BJ,831768,拾比佰,02108609,1,1580722716,48,50,48,48,5249,20250519,143239,12.7975869,60940.89,2025-05-19FOF国君收盘调仓(05-19 14:27:50)
9220717,BJ,831855,浙江大农,02095756,2,1580721236,48,50,49,48,2785,20250519,143052,73.934509,61102.9,2025-05-19FOF国君收盘调仓(05-19 14:27:50)
9220717,BJ,832110,雷特科技,02103351,2,1580721241,48,50,49,48,1856,20250519,143157,88.9994688,73553.28,2025-05-19FOF国君收盘调仓(05-19 14:27:50)
9220717,BJ,832110,雷特科技,02103724,2,1580721241,48,50,49,48,926,20250519,143200,44.403829800000004,36697.38,2025-05-19FOF国君收盘调仓(05-19 14:27:50)
9220717,BJ,832471,美邦科技,02099276,1,1580722000,48,50,48,48,264,20250519,143124,0.9563400000000001,4554,2025-05-19FOF国君收盘调仓(05-19 14:27:50)
9220717,BJ,832471,美邦科技,02101181,1,1580722000,48,50,48,48,370,20250519,143139,1.340325,6382.5,2025-05-19FOF国君收盘调仓(05-19 14:27:50)
9220717,BJ,832471,美邦科技,02101183,1,1580722715,48,50,48,48,3516,20250519,143139,12.736709999999999,60651,2025-05-19FOF国君收盘调仓(05-19 14:27:50)
9220717,BJ,832471,美邦科技,02103672,1,1580722715,48,50,48,48,25,20250519,143200,0.09056249999999999,431.25,2025-05-19FOF国君收盘调仓(05-19 14:27:50)
9220717,BJ,832471,美邦科技,02109016,3,1580723951,48,50,48,48,779,20250519,143242,2.8219275,13437.75,自定义组合
9220717,BJ,832471,美邦科技,02113669,3,1580723951,48,50,48,48,1221,20250519,143314,4.4230725,21062.25,自定义组合
9220717,BJ,833427,华维设计,02098728,2,1580721239,48,50,49,48,3251,20250519,143120,61.2085276,50585.56,2025-05-19FOF国君收盘调仓(05-19 14:27:50)
9220717,BJ,833427,华维设计,02100697,2,1580721239,48,50,49,48,800,20250519,143135,15.062079999999998,12448,2025-05-19FOF国君收盘调仓(05-19 14:27:50)
9220717,BJ,833427,华维设计,02101213,2,1580721239,48,50,49,48,200,20250519,143140,3.7655199999999995,3112,2025-05-19FOF国君收盘调仓(05-19 14:27:50)
9220717,BJ,833427,华维设计,02110610,2,1580721239,48,50,49,48,197,20250519,143254,3.7090372,3065.32,2025-05-19FOF国君收盘调仓(05-19 14:27:50)
9220717,BJ,834639,晨光电缆,02103241,2,1580722713,48,50,49,48,5673,20250519,143156,62.87726279999999,51964.68,2025-05-19FOF国君收盘调仓(05-19 14:27:50)
9220717,BJ,834639,晨光电缆,02103670,2,1580722713,48,50,49,48,118,20250519,143200,1.3078648000000002,1080.88,2025-05-19FOF国君收盘调仓(05-19 14:27:50)
9220717,BJ,834639,晨光电缆,02104976,2,1580722713,48,50,49,48,2071,20250519,143209,22.954135599999997,18970.36,2025-05-19FOF国君收盘调仓(05-19 14:27:50)
9220717,BJ,834950,迅安科技,02111214,2,1580724789,48,50,49,48,3065,20250519,143259,89.7122435,74142.35,2025-05-19FOF国君收盘调仓(05-19 14:27:50)
9220717,BJ,834950,迅安科技,02111947,2,1580724789,48,50,49,48,98,20250519,143305,2.8684502,2370.62,2025-05-19FOF国君收盘调仓(05-19 14:27:50)
9220717,BJ,836942,恒立钻具,02098227,1,1580722003,48,50,48,48,533,20250519,143114,2.2979229,10942.49,2025-05-19FOF国君收盘调仓(05-19 14:27:50)
9220717,BJ,836942,恒立钻具,02100463,1,1580722717,48,50,48,48,17,20250519,143133,0.07325639999999999,348.84,2025-05-19FOF国君收盘调仓(05-19 14:27:50)
9220717,BJ,836942,恒立钻具,02103197,1,1580722717,48,50,48,48,2960,20250519,143156,12.755231999999998,60739.2,2025-05-19FOF国君收盘调仓(05-19 14:27:50)
9220717,BJ,838030,德众汽车,02112071,1,1580725161,48,50,48,48,1448,20250519,143305,2.3018856000000003,10961.36,2025-05-19FOF国君收盘调仓(05-19 14:27:50)
9220717,BJ,838030,德众汽车,02129261,1,1580728157,48,50,48,48,1553,20250519,143508,2.4720654,11771.74,2025-05-19FOF国君收盘调仓(05-19 14:27:50)
9220717,BJ,838030,德众汽车,02129276,1,1580728157,48,50,48,48,3613,20250519,143508,5.751173400000001,27386.54,2025-05-19FOF国君收盘调仓(05-19 14:27:50)
9220717,BJ,838030,德众汽车,02130540,1,1580728157,48,50,48,48,2898,20250519,143516,4.6130364,21966.84,2025-05-19FOF国君收盘调仓(05-19 14:27:50)
9220717,BJ,839946,华阳变速,02099472,1,1580722008,48,50,48,48,703,20250519,143125,1.4999208000000002,7142.48,2025-05-19FOF国君收盘调仓(05-19 14:27:50)
9220717,BJ,839946,华阳变速,02103322,1,1580722008,48,50,48,48,371,20250519,143157,0.7915656000000001,3769.36,2025-05-19FOF国君收盘调仓(05-19 14:27:50)
9220717,BJ,839946,华阳变速,02103324,1,1580722719,48,50,48,48,2088,20250519,143157,4.454956800000001,21214.08,2025-05-19FOF国君收盘调仓(05-19 14:27:50)
9220717,BJ,839946,华阳变速,02110775,1,1580725162,48,50,48,48,3913,20250519,143256,8.3569941,39795.21,2025-05-19FOF国君收盘调仓(05-19 14:27:50)
9220717,BJ,871553,凯腾精工,02095562,2,1580721246,48,50,49,48,240,20250519,143050,3.0782399999999996,2544,2025-05-19FOF国君收盘调仓(05-19 14:27:50)
9220717,BJ,871553,凯腾精工,02098682,2,1580721246,48,50,49,48,2000,20250519,143119,25.651999999999997,21200,2025-05-19FOF国君收盘调仓(05-19 14:27:50)
9220717,BJ,871553,凯腾精工,02098683,2,1580721246,48,50,49,48,700,20250519,143119,8.9782,7420,2025-05-19FOF国君收盘调仓(05-19 14:27:50)
9220717,BJ,871553,凯腾精工,02099385,2,1580721246,48,50,49,48,2058,20250519,143125,26.395908,21814.8,2025-05-19FOF国君收盘调仓(05-19 14:27:50)
9220717,BJ,871553,凯腾精工,02100196,2,1580721246,48,50,49,48,528,20250519,143131,6.7721279999999995,5596.8,2025-05-19FOF国君收盘调仓(05-19 14:27:50)
9220717,BJ,871970,大禹生物,02151081,1,1580725922,48,50,48,48,1240,20250519,143744,2.299332,10949.2,2025-05-19FOF国君收盘调仓(05-19 14:27:50)
9220717,BJ,871970,大禹生物,02151082,1,1580726645,48,50,48,48,6911,20250519,143744,12.8150673,61024.13,2025-05-19FOF国君收盘调仓(05-19 14:27:50)
9220717,BJ,872392,佳合科技,02095574,2,1580721254,48,50,49,48,566,20250519,143050,17.943332,14829.2,2025-05-19FOF国君收盘调仓(05-19 14:27:50)
9220717,BJ,872392,佳合科技,02095575,2,1580721254,48,50,49,48,535,20250519,143050,16.96057,14017,2025-05-19FOF国君收盘调仓(05-19 14:27:50)
9220717,BJ,872392,佳合科技,02095987,2,1580721254,48,50,49,48,500,20250519,143055,15.844950000000003,13095,2025-05-19FOF国君收盘调仓(05-19 14:27:50)
9220717,BJ,872392,佳合科技,02096928,2,1580721254,48,50,49,48,700,20250519,143104,22.18293,18333,2025-05-19FOF国君收盘调仓(05-19 14:27:50)
9220717,BJ,872392,佳合科技,02096960,2,1580721254,48,50,49,48,47,20250519,143104,1.4894253,1230.93,2025-05-19FOF国君收盘调仓(05-19 14:27:50)
9220717,BJ,873152,天宏锂电,02106058,1,1580723444,48,50,48,48,2854,20250519,143217,11.2016646,53341.26,2025-05-19FOF国君收盘调仓(05-19 14:27:50)
9220717,BJ,873152,天宏锂电,02112950,1,1580723444,48,50,48,48,291,20250519,143309,1.1421459,5438.79,2025-05-19FOF国君收盘调仓(05-19 14:27:50)
9220717,BJ,873152,天宏锂电,02112951,1,1580724400,48,50,48,48,676,20250519,143309,2.6532324000000003,12634.44,2025-05-19FOF国君收盘调仓(05-19 14:27:50)
9220717,BJ,873679,前进科技,02144417,1,1580734977,48,50,48,48,250,20250519,143655,1.1219250000000003,5342.5,2025-05-19FOF国君收盘调仓(05-19 14:27:50)
9220717,BJ,873679,前进科技,02144428,1,1580734977,48,50,48,48,263,20250519,143655,1.1802651000000002,5620.31,2025-05-19FOF国君收盘调仓(05-19 14:27:50)
9220717,BJ,873679,前进科技,02158279,1,1580738004,48,50,48,48,511,20250519,143832,2.2932147,10920.07,2025-05-19FOF国君收盘调仓(05-19 14:27:50)
9220717,BJ,873679,前进科技,02158580,1,1580738004,48,50,48,48,2300,20250519,143834,10.32171,49151,2025-05-19FOF国君收盘调仓(05-19 14:27:50)
9220717,BJ,873679,前进科技,02158603,1,1580738004,48,50,48,48,49,20250519,143834,0.21989730000000002,1047.13,2025-05-19FOF国君收盘调仓(05-19 14:27:50)
9220717,BJ,920016,中草香料,02102184,1,1580722722,48,50,48,48,1000,20250519,143148,5.376,25600,2025-05-19FOF国君收盘调仓(05-19 14:27:50)
9220717,BJ,920016,中草香料,02106330,3,1580723950,48,50,48,48,1300,20250519,143219,6.991530000000001,33293,自定义组合
9220717,BJ,920016,中草香料,02106331,1,1580724401,48,50,48,48,1799,20250519,143219,9.6752019,46072.39,2025-05-19FOF国君收盘调仓(05-19 14:27:50)
9220717,BJ,920445,龙竹科技,02106390,2,1580724790,48,50,49,48,1645,20250519,143220,21.377433,17667.3,2025-05-19FOF国君收盘调仓(05-19 14:27:50)
9220717,BJ,920445,龙竹科技,02107850,2,1580724790,48,50,49,48,1000,20250519,143232,12.995399999999998,10740,2025-05-19FOF国君收盘调仓(05-19 14:27:50)
9220717,BJ,920445,龙竹科技,02108010,2,1580724790,48,50,49,48,3898,20250519,143234,50.65606919999999,41864.52,2025-05-19FOF国君收盘调仓(05-19 14:27:50)
9220717,SH,204001,GC001,1200801004423371,5,1580801797,48,55,49,48,60,20250519,145716,0.060000000000000005,6000,
9220717,SH,600082,海泰发展,0000000033966068,2,1580721259,48,50,49,48,51600,20250519,143050,226.6272,188856,2025-05-19FOF国君收盘调仓(05-19 14:27:50)
9220717,SH,600159,大龙地产,0000000034270219,2,1580721265,48,50,49,48,10300,20250519,143313,33.248400000000004,27707,2025-05-19FOF国君收盘调仓(05-19 14:27:50)
9220717,SH,600159,大龙地产,0000000034270312,2,1580721265,48,50,49,48,100,20250519,143313,0.32280000000000003,269,2025-05-19FOF国君收盘调仓(05-19 14:27:50)
9220717,SH,600159,大龙地产,0000000034270656,2,1580721265,48,50,49,48,32100,20250519,143314,103.61880000000002,86349,2025-05-19FOF国君收盘调仓(05-19 14:27:50)
9220717,SH,600159,大龙地产,0000000034270854,2,1580721265,48,50,49,48,3500,20250519,143314,11.298000000000002,9415,2025-05-19FOF国君收盘调仓(05-19 14:27:50)
9220717,SH,600159,大龙地产,0000000034270855,2,1580721265,48,50,49,48,3000,20250519,143314,9.684,8070,2025-05-19FOF国君收盘调仓(05-19 14:27:50)
9220717,SH,600159,大龙地产,0000000034270856,2,1580721265,48,50,49,48,3400,20250519,143314,10.975200000000001,9146,2025-05-19FOF国君收盘调仓(05-19 14:27:50)
9220717,SH,600159,大龙地产,0000000034270857,2,1580721265,48,50,49,48,3400,20250519,143314,10.975200000000001,9146,2025-05-19FOF国君收盘调仓(05-19 14:27:50)
9220717,SH,600159,大龙地产,0000000034270858,2,1580721265,48,50,49,48,3400,20250519,143314,10.975200000000001,9146,2025-05-19FOF国君收盘调仓(05-19 14:27:50)
9220717,SH,600159,大龙地产,0000000034270986,2,1580721265,48,50,49,48,1400,20250519,143314,4.5192000000000005,3766,2025-05-19FOF国君收盘调仓(05-19 14:27:50)
9220717,SH,600159,大龙地产,0000000034271485,2,1580721265,48,50,49,48,2700,20250519,143314,8.7156,7263,2025-05-19FOF国君收盘调仓(05-19 14:27:50)
9220717,SH,600159,大龙地产,0000000034271486,2,1580721265,48,50,49,48,2900,20250519,143314,9.3612,7801,2025-05-19FOF国君收盘调仓(05-19 14:27:50)
9220717,SH,600159,大龙地产,0000000034271490,2,1580721265,48,50,49,48,2300,20250519,143314,7.4244,6187,2025-05-19FOF国君收盘调仓(05-19 14:27:50)
9220717,SH,600159,大龙地产,0000000034271491,2,1580721265,48,50,49,48,200,20250519,143314,0.6456000000000001,538,2025-05-19FOF国君收盘调仓(05-19 14:27:50)
9220717,SH,600159,大龙地产,0000000034271492,2,1580721265,48,50,49,48,200,20250519,143314,0.6456000000000001,538,2025-05-19FOF国君收盘调仓(05-19 14:27:50)
9220717,SH,600159,大龙地产,0000000034271900,2,1580721265,48,50,49,48,200,20250519,143314,0.6456000000000001,538,2025-05-19FOF国君收盘调仓(05-19 14:27:50)
9220717,SH,600159,大龙地产,0000000034272255,2,1580721265,48,50,49,48,1900,20250519,143314,6.1332,5111,2025-05-19FOF国君收盘调仓(05-19 14:27:50)
9220717,SH,600159,大龙地产,0000000034272308,2,1580721265,48,50,49,48,300,20250519,143314,0.9684000000000001,807,2025-05-19FOF国君收盘调仓(05-19 14:27:50)
9220717,SH,600159,大龙地产,0000000034272349,2,1580721265,48,50,49,48,200,20250519,143314,0.6456000000000001,538,2025-05-19FOF国君收盘调仓(05-19 14:27:50)
9220717,SH,600159,大龙地产,0000000034272396,2,1580721265,48,50,49,48,400,20250519,143314,1.2912000000000001,1076,2025-05-19FOF国君收盘调仓(05-19 14:27:50)
9220717,SH,600159,大龙地产,0000000034272427,2,1580721265,48,50,49,48,300,20250519,143314,0.9684000000000001,807,2025-05-19FOF国君收盘调仓(05-19 14:27:50)
9220717,SH,600159,大龙地产,0000000034272434,2,1580721265,48,50,49,48,1500,20250519,143314,4.842,4035,2025-05-19FOF国君收盘调仓(05-19 14:27:50)
9220717,SH,600159,大龙地产,0000000034272498,2,1580721265,48,50,49,48,100,20250519,143314,0.32280000000000003,269,2025-05-19FOF国君收盘调仓(05-19 14:27:50)
9220717,SH,600159,大龙地产,0000000034272509,2,1580721265,48,50,49,48,100,20250519,143314,0.32280000000000003,269,2025-05-19FOF国君收盘调仓(05-19 14:27:50)
9220717,SH,600159,大龙地产,0000000034274152,2,1580721265,48,50,49,48,2300,20250519,143315,7.4244,6187,2025-05-19FOF国君收盘调仓(05-19 14:27:50)
9220717,SH,600159,大龙地产,0000000034274153,2,1580721265,48,50,49,48,3900,20250519,143315,12.589200000000002,10491,2025-05-19FOF国君收盘调仓(05-19 14:27:50)
9220717,SH,600159,大龙地产,0000000034274154,2,1580721265,48,50,49,48,2800,20250519,143315,9.038400000000001,7532,2025-05-19FOF国君收盘调仓(05-19 14:27:50)
9220717,SH,600159,大龙地产,0000000034274255,2,1580721265,48,50,49,48,100,20250519,143315,0.32280000000000003,269,2025-05-19FOF国君收盘调仓(05-19 14:27:50)
9220717,SH,600159,大龙地产,0000000034274257,2,1580721265,48,50,49,48,100,20250519,143315,0.32280000000000003,269,2025-05-19FOF国君收盘调仓(05-19 14:27:50)
9220717,SH,600159,大龙地产,0000000034274412,2,1580721265,48,50,49,48,800,20250519,143315,2.5824000000000003,2152,2025-05-19FOF国君收盘调仓(05-19 14:27:50)
9220717,SH,600159,大龙地产,0000000034274415,2,1580721265,48,50,49,48,100,20250519,143315,0.32280000000000003,269,2025-05-19FOF国君收盘调仓(05-19 14:27:50)
9220717,SH,600159,大龙地产,0000000034274423,2,1580721265,48,50,49,48,1200,20250519,143315,3.8736000000000006,3228,2025-05-19FOF国君收盘调仓(05-19 14:27:50)
9220717,SH,600159,大龙地产,0000000034274618,2,1580721265,48,50,49,48,1200,20250519,143315,3.8736000000000006,3228,2025-05-19FOF国君收盘调仓(05-19 14:27:50)
9220717,SH,600159,大龙地产,0000000034275404,2,1580721265,48,50,49,48,100,20250519,143315,0.32280000000000003,269,2025-05-19FOF国君收盘调仓(05-19 14:27:50)
9220717,SH,600159,大龙地产,0000000034275456,2,1580721265,48,50,49,48,100,20250519,143315,0.32280000000000003,269,2025-05-19FOF国君收盘调仓(05-19 14:27:50)
9220717,SH,600159,大龙地产,0000000034276010,2,1580721265,48,50,49,48,100,20250519,143315,0.32280000000000003,269,2025-05-19FOF国君收盘调仓(05-19 14:27:50)
9220717,SH,600322,津投城开,0000000036722854,2,1580721264,48,50,49,48,100,20250519,144957,0.2868,239,2025-05-19FOF国君收盘调仓(05-19 14:27:50)
9220717,SH,600322,津投城开,0000000036728056,2,1580721264,48,50,49,48,200,20250519,144959,0.5736,478,2025-05-19FOF国君收盘调仓(05-19 14:27:50)
9220717,SH,600322,津投城开,0000000036733042,2,1580721264,48,50,49,48,200,20250519,145000,0.5736,478,2025-05-19FOF国君收盘调仓(05-19 14:27:50)
9220717,SH,600322,津投城开,0000000036764442,2,1580721264,48,50,49,48,100,20250519,145003,0.2868,239,2025-05-19FOF国君收盘调仓(05-19 14:27:50)
9220717,SH,600322,津投城开,0000000036840692,2,1580721264,48,50,49,48,100,20250519,145019,0.2868,239,2025-05-19FOF国君收盘调仓(05-19 14:27:50)
9220717,SH,600322,津投城开,0000000036862495,2,1580721264,48,50,49,48,3900,20250519,145025,11.1852,9321,2025-05-19FOF国君收盘调仓(05-19 14:27:50)
9220717,SH,600322,津投城开,0000000036868184,2,1580721264,48,50,49,48,100,20250519,145027,0.2868,239,2025-05-19FOF国君收盘调仓(05-19 14:27:50)
9220717,SH,600322,津投城开,0000000036871015,2,1580721264,48,50,49,48,1300,20250519,145028,3.7284,3107,2025-05-19FOF国君收盘调仓(05-19 14:27:50)
9220717,SH,600322,津投城开,0000000036871017,2,1580721264,48,50,49,48,200,20250519,145028,0.5736,478,2025-05-19FOF国君收盘调仓(05-19 14:27:50)
9220717,SH,600322,津投城开,0000000036899104,2,1580721264,48,50,49,48,2900,20250519,145037,8.3172,6931,2025-05-19FOF国君收盘调仓(05-19 14:27:50)
9220717,SH,600322,津投城开,0000000036901479,2,1580721264,48,50,49,48,800,20250519,145037,2.2944,1912,2025-05-19FOF国君收盘调仓(05-19 14:27:50)
9220717,SH,600322,津投城开,0000000036914322,2,1580721264,48,50,49,48,100,20250519,145042,0.2868,239,2025-05-19FOF国君收盘调仓(05-19 14:27:50)
9220717,SH,600322,津投城开,0000000036963090,2,1580721264,48,50,49,48,100,20250519,145058,0.2868,239,2025-05-19FOF国君收盘调仓(05-19 14:27:50)
9220717,SH,600322,津投城开,0000000036970191,2,1580721264,48,50,49,48,200,20250519,145100,0.5736,478,2025-05-19FOF国君收盘调仓(05-19 14:27:50)
9220717,SH,600322,津投城开,0000000036990866,2,1580721264,48,50,49,48,300,20250519,145101,0.8604000000000002,717,2025-05-19FOF国君收盘调仓(05-19 14:27:50)
9220717,SH,600322,津投城开,0000000037012860,2,1580721264,48,50,49,48,900,20250519,145103,2.5812,2151,2025-05-19FOF国君收盘调仓(05-19 14:27:50)
9220717,SH,600322,津投城开,0000000037018309,2,1580721264,48,50,49,48,100,20250519,145104,0.2868,239,2025-05-19FOF国君收盘调仓(05-19 14:27:50)
9220717,SH,600322,津投城开,0000000037018402,2,1580721264,48,50,49,48,100,20250519,145104,0.2868,239,2025-05-19FOF国君收盘调仓(05-19 14:27:50)
9220717,SH,600322,津投城开,0000000037039878,2,1580721264,48,50,49,48,100,20250519,145107,0.2868,239,2025-05-19FOF国君收盘调仓(05-19 14:27:50)
9220717,SH,600322,津投城开,0000000037040798,2,1580721264,48,50,49,48,1000,20250519,145107,2.8680000000000003,2390,2025-05-19FOF国君收盘调仓(05-19 14:27:50)
9220717,SH,600322,津投城开,0000000037079100,2,1580721264,48,50,49,48,400,20250519,145116,1.1472,956,2025-05-19FOF国君收盘调仓(05-19 14:27:50)
9220717,SH,600322,津投城开,0000000037099494,2,1580721264,48,50,49,48,7000,20250519,145121,20.076,16730,2025-05-19FOF国君收盘调仓(05-19 14:27:50)
9220717,SH,600322,津投城开,0000000037104337,2,1580721264,48,50,49,48,100,20250519,145123,0.2868,239,2025-05-19FOF国君收盘调仓(05-19 14:27:50)
9220717,SH,600322,津投城开,0000000037115022,2,1580721264,48,50,49,48,4000,20250519,145126,11.472000000000001,9560,2025-05-19FOF国君收盘调仓(05-19 14:27:50)
9220717,SH,600322,津投城开,0000000037124198,2,1580721264,48,50,49,48,200,20250519,145129,0.5736,478,2025-05-19FOF国君收盘调仓(05-19 14:27:50)
9220717,SH,600322,津投城开,0000000037167742,2,1580721264,48,50,49,48,11100,20250519,145143,31.834800000000005,26529,2025-05-19FOF国君收盘调仓(05-19 14:27:50)
9220717,SH,600322,津投城开,0000000037168517,2,1580721264,48,50,49,48,300,20250519,145143,0.8604000000000002,717,2025-05-19FOF国君收盘调仓(05-19 14:27:50)
9220717,SH,600322,津投城开,0000000037174162,2,1580721264,48,50,49,48,4000,20250519,145145,11.472000000000001,9560,2025-05-19FOF国君收盘调仓(05-19 14:27:50)
9220717,SH,600322,津投城开,0000000037175877,2,1580721264,48,50,49,48,400,20250519,145146,1.1472,956,2025-05-19FOF国君收盘调仓(05-19 14:27:50)
9220717,SH,600322,津投城开,0000000037175878,2,1580721264,48,50,49,48,100,20250519,145146,0.2868,239,2025-05-19FOF国君收盘调仓(05-19 14:27:50)
9220717,SH,600322,津投城开,0000000037175880,2,1580721264,48,50,49,48,100,20250519,145146,0.2868,239,2025-05-19FOF国君收盘调仓(05-19 14:27:50)
9220717,SH,600322,津投城开,0000000037175881,2,1580721264,48,50,49,48,100,20250519,145146,0.2868,239,2025-05-19FOF国君收盘调仓(05-19 14:27:50)
9220717,SH,600322,津投城开,0000000037175882,2,1580721264,48,50,49,48,1000,20250519,145146,2.8680000000000003,2390,2025-05-19FOF国君收盘调仓(05-19 14:27:50)
9220717,SH,600322,津投城开,0000000037178877,2,1580721264,48,50,49,48,9000,20250519,145147,25.812,21510,2025-05-19FOF国君收盘调仓(05-19 14:27:50)
9220717,SH,600322,津投城开,0000000037231668,2,1580721264,48,50,49,48,100,20250519,145202,0.2868,239,2025-05-19FOF国君收盘调仓(05-19 14:27:50)
9220717,SH,600322,津投城开,0000000037324358,2,1580721264,48,50,49,48,10000,20250519,145229,28.680000000000003,23900,2025-05-19FOF国君收盘调仓(05-19 14:27:50)
9220717,SH,600322,津投城开,0000000037325619,2,1580721264,48,50,49,48,4900,20250519,145229,14.0532,11711,2025-05-19FOF国君收盘调仓(05-19 14:27:50)
9220717,SH,600322,津投城开,0000000037335956,2,1580721264,48,50,49,48,1000,20250519,145232,2.8680000000000003,2390,2025-05-19FOF国君收盘调仓(05-19 14:27:50)
9220717,SH,600322,津投城开,0000000037336656,2,1580721264,48,50,49,48,200,20250519,145232,0.5736,478,2025-05-19FOF国君收盘调仓(05-19 14:27:50)
9220717,SH,600322,津投城开,0000000037361499,2,1580721264,48,50,49,48,3300,20250519,145241,9.464400000000001,7887,2025-05-19FOF国君收盘调仓(05-19 14:27:50)
9220717,SH,600322,津投城开,0000000037361582,2,1580721264,48,50,49,48,100,20250519,145241,0.2868,239,2025-05-19FOF国君收盘调仓(05-19 14:27:50)
9220717,SH,600322,津投城开,0000000037362045,2,1580721264,48,50,49,48,5600,20250519,145241,16.0608,13384,2025-05-19FOF国君收盘调仓(05-19 14:27:50)
9220717,SH,600791,京能置业,0000000034183460,2,1580722014,48,50,49,48,1700,20250519,143233,9.241200000000001,7701,2025-05-19FOF国君收盘调仓(05-19 14:27:50)
9220717,SH,600791,京能置业,0000000034213406,2,1580722014,48,50,49,48,400,20250519,143250,2.1744,1812,2025-05-19FOF国君收盘调仓(05-19 14:27:50)
9220717,SH,600791,京能置业,0000000034216347,2,1580722014,48,50,49,48,100,20250519,143251,0.5436,453,2025-05-19FOF国君收盘调仓(05-19 14:27:50)
9220717,SH,600791,京能置业,0000000034239167,2,1580722014,48,50,49,48,4800,20250519,143302,26.0928,21744,2025-05-19FOF国君收盘调仓(05-19 14:27:50)
9220717,SH,600791,京能置业,0000000034310416,2,1580722014,48,50,49,48,100,20250519,143329,0.5436,453,2025-05-19FOF国君收盘调仓(05-19 14:27:50)
9220717,SH,600791,京能置业,0000000034498347,2,1580722014,48,50,49,48,1400,20250519,143500,7.610400000000001,6342,2025-05-19FOF国君收盘调仓(05-19 14:27:50)
9220717,SH,600791,京能置业,0000000034543698,2,1580722014,48,50,49,48,600,20250519,143522,3.2616,2718,2025-05-19FOF国君收盘调仓(05-19 14:27:50)
9220717,SH,600791,京能置业,0000000034672927,2,1580722014,48,50,49,48,29800,20250519,143627,161.99280000000002,134994,2025-05-19FOF国君收盘调仓(05-19 14:27:50)
9220717,SH,603122,合富中国,0000000034116959,2,1580722016,48,50,49,48,600,20250519,143200,4.8312,4026,2025-05-19FOF国君收盘调仓(05-19 14:27:50)
9220717,SH,603122,合富中国,0000000034159807,2,1580722016,48,50,49,48,600,20250519,143221,4.8312,4026,2025-05-19FOF国君收盘调仓(05-19 14:27:50)
9220717,SH,603122,合富中国,0000000034160094,2,1580722016,48,50,49,48,100,20250519,143221,0.8052,671,2025-05-19FOF国君收盘调仓(05-19 14:27:50)
9220717,SH,603122,合富中国,0000000034162222,2,1580722016,48,50,49,48,300,20250519,143222,2.4156,2013,2025-05-19FOF国君收盘调仓(05-19 14:27:50)
9220717,SH,603122,合富中国,0000000034181871,2,1580722016,48,50,49,48,3000,20250519,143232,24.156000000000002,20130,2025-05-19FOF国君收盘调仓(05-19 14:27:50)
9220717,SH,603122,合富中国,0000000034189375,2,1580722016,48,50,49,48,100,20250519,143236,0.8052,671,2025-05-19FOF国君收盘调仓(05-19 14:27:50)
9220717,SH,603122,合富中国,0000000034193354,2,1580722016,48,50,49,48,600,20250519,143239,4.8312,4026,2025-05-19FOF国君收盘调仓(05-19 14:27:50)
9220717,SH,603122,合富中国,0000000034233270,2,1580722016,48,50,49,48,900,20250519,143300,7.246800000000001,6039,2025-05-19FOF国君收盘调仓(05-19 14:27:50)
9220717,SH,688060,云涌科技,0000000034273884,1,1580725914,48,50,48,48,313,20250519,143315,2.183488,10917.44,2025-05-19FOF国君收盘调仓(05-19 14:27:50)
9220717,SH,688060,云涌科技,0000000034691313,1,1580727408,48,50,48,48,6383,20250519,143635,44.48951,222447.55,2025-05-19FOF国君收盘调仓(05-19 14:27:50)
9220717,SH,688216,气派科技,0000000034048307,1,1580722024,48,50,48,48,573,20250519,143124,2.1865680000000003,10932.84,2025-05-19FOF国君收盘调仓(05-19 14:27:50)
9220717,SH,688216,气派科技,0000000034728127,1,1580734275,48,50,48,48,3281,20250519,143654,12.546544000000003,62732.72,2025-05-19FOF国君收盘调仓(05-19 14:27:50)
9220717,SH,688216,气派科技,0000000034728336,1,1580734275,48,50,48,48,455,20250519,143654,1.7399200000000001,8699.6,2025-05-19FOF国君收盘调仓(05-19 14:27:50)
9220717,SH,688216,气派科技,0000000034728337,1,1580734275,48,50,48,48,617,20250519,143654,2.3594080000000006,11797.04,2025-05-19FOF国君收盘调仓(05-19 14:27:50)
9220717,SH,688216,气派科技,0000000034728549,1,1580734275,48,50,48,48,1600,20250519,143655,6.1184,30592,2025-05-19FOF国君收盘调仓(05-19 14:27:50)
9220717,SH,688216,气派科技,0000000034728657,1,1580734275,48,50,48,48,1600,20250519,143655,6.1184,30592,2025-05-19FOF国君收盘调仓(05-19 14:27:50)
9220717,SH,688216,气派科技,0000000034729464,1,1580734275,48,50,48,48,200,20250519,143655,0.7648,3824,2025-05-19FOF国君收盘调仓(05-19 14:27:50)
9220717,SH,688216,气派科技,0000000034732130,1,1580734275,48,50,48,48,2445,20250519,143657,9.349680000000001,46748.4,2025-05-19FOF国君收盘调仓(05-19 14:27:50)
9220717,SH,688216,气派科技,0000000034732950,1,1580734275,48,50,48,48,1490,20250519,143657,5.697760000000001,28488.8,2025-05-19FOF国君收盘调仓(05-19 14:27:50)
9220717,SH,688310,迈得医疗,0000000034903826,1,1580738005,48,50,48,48,53,20250519,143821,0.13069800000000004,653.49,2025-05-19FOF国君收盘调仓(05-19 14:27:50)
9220717,SH,688310,迈得医疗,0000000034918464,1,1580738005,48,50,48,48,500,20250519,143828,1.233,6165,2025-05-19FOF国君收盘调仓(05-19 14:27:50)
9220717,SH,688310,迈得医疗,0000000034919919,1,1580738005,48,50,48,48,337,20250519,143829,0.831042,4155.21,2025-05-19FOF国君收盘调仓(05-19 14:27:50)
9220717,SH,688310,迈得医疗,0000000034922326,1,1580738758,48,50,48,48,2448,20250519,143830,6.036768,30183.84,2025-05-19FOF国君收盘调仓(05-19 14:27:50)
9220717,SH,688310,迈得医疗,0000000034932544,1,1580738758,48,50,48,48,1022,20250519,143835,2.520252,12601.26,2025-05-19FOF国君收盘调仓(05-19 14:27:50)
9220717,SH,688310,迈得医疗,0000000034945674,1,1580738758,48,50,48,48,2270,20250519,143842,5.5978200000000005,27989.1,2025-05-19FOF国君收盘调仓(05-19 14:27:50)
9220717,SH,688310,迈得医疗,0000000035070561,1,1580741105,48,50,48,48,12382,20250519,143944,30.633068,153165.34,2025-05-19FOF国君收盘调仓(05-19 14:27:50)
9220717,SH,688551,科威尔,0000000034194759,2,1580722018,48,50,49,48,7164,20250519,143239,241.656048,201380.04,2025-05-19FOF国君收盘调仓(05-19 14:27:50)
9220717,SH,688618,三旺通信,0000000034720992,1,1580734978,48,50,48,48,138,20250519,143651,0.588432,2942.16,2025-05-19FOF国君收盘调仓(05-19 14:27:50)
9220717,SH,688618,三旺通信,0000000034726134,1,1580734978,48,50,48,48,200,20250519,143653,0.8528,4264,2025-05-19FOF国君收盘调仓(05-19 14:27:50)
9220717,SH,688618,三旺通信,0000000034738080,1,1580734978,48,50,48,48,176,20250519,143700,0.750464,3752.32,2025-05-19FOF国君收盘调仓(05-19 14:27:50)
9220717,SH,688618,三旺通信,0000000035051621,1,1580740350,48,50,48,48,233,20250519,143934,0.99258,4962.9,2025-05-19FOF国君收盘调仓(05-19 14:27:50)
9220717,SH,688618,三旺通信,0000000035217514,1,1580743591,48,50,48,48,174,20250519,144038,0.7408920000000001,3704.46,2025-05-19FOF国君收盘调仓(05-19 14:27:50)
9220717,SH,688618,三旺通信,0000000035223684,1,1580743591,48,50,48,48,200,20250519,144041,0.8516,4258,2025-05-19FOF国君收盘调仓(05-19 14:27:50)
9220717,SH,688618,三旺通信,0000000035229824,1,1580743591,48,50,48,48,200,20250519,144044,0.8516,4258,2025-05-19FOF国君收盘调仓(05-19 14:27:50)
9220717,SH,688618,三旺通信,0000000035286159,1,1580743591,48,50,48,48,200,20250519,144108,0.8516,4258,2025-05-19FOF国君收盘调仓(05-19 14:27:50)
9220717,SH,688618,三旺通信,0000000037148821,1,1580776252,48,50,48,48,852,20250519,145137,3.627816000000001,18139.08,2025-05-19FOF国君收盘调仓(05-19 14:27:50)
9220717,SH,688618,三旺通信,0000000037149066,1,1580776252,48,50,48,48,200,20250519,145137,0.8516,4258,2025-05-19FOF国君收盘调仓(05-19 14:27:50)
9220717,SH,688618,三旺通信,0000000037149391,1,1580776252,48,50,48,48,400,20250519,145137,1.7032,8516,2025-05-19FOF国君收盘调仓(05-19 14:27:50)
9220717,SH,688618,三旺通信,0000000037149760,1,1580776252,48,50,48,48,400,20250519,145137,1.7032,8516,2025-05-19FOF国君收盘调仓(05-19 14:27:50)
9220717,SH,688618,三旺通信,0000000037426333,4,1580781812,48,50,48,48,6,20250519,145300,0.02556,127.8,2025-05-19FOF国君收盘调仓(05-19 14:27:50)
9220717,SH,688618,三旺通信,0000000037426334,4,1580781812,48,50,48,48,200,20250519,145300,0.8520000000000001,4260,2025-05-19FOF国君收盘调仓(05-19 14:27:50)
9220717,SH,688618,三旺通信,0000000037426342,4,1580781812,48,50,48,48,16,20250519,145300,0.06816000000000001,340.8,2025-05-19FOF国君收盘调仓(05-19 14:27:50)
9220717,SH,688618,三旺通信,0000000037426350,4,1580781812,48,50,48,48,200,20250519,145300,0.8520000000000001,4260,2025-05-19FOF国君收盘调仓(05-19 14:27:50)
9220717,SH,688618,三旺通信,0000000037426379,4,1580781812,48,50,48,48,200,20250519,145300,0.8520000000000001,4260,2025-05-19FOF国君收盘调仓(05-19 14:27:50)
9220717,SH,688618,三旺通信,0000000037458631,4,1580781812,48,50,48,48,400,20250519,145305,1.7040000000000002,8520,2025-05-19FOF国君收盘调仓(05-19 14:27:50)
9220717,SH,688618,三旺通信,0000000037459057,4,1580781812,48,50,48,48,13,20250519,145305,0.05538,276.9,2025-05-19FOF国君收盘调仓(05-19 14:27:50)
9220717,SH,688618,三旺通信,0000000037459061,4,1580781812,48,50,48,48,400,20250519,145305,1.7040000000000002,8520,2025-05-19FOF国君收盘调仓(05-19 14:27:50)
9220717,SH,688618,三旺通信,0000000037459062,4,1580781812,48,50,48,48,200,20250519,145305,0.8520000000000001,4260,2025-05-19FOF国君收盘调仓(05-19 14:27:50)
9220717,SH,688618,三旺通信,0000000037459839,4,1580781812,48,50,48,48,200,20250519,145305,0.8520000000000001,4260,2025-05-19FOF国君收盘调仓(05-19 14:27:50)
9220717,SH,688618,三旺通信,0000000038175392,4,1580795644,48,50,48,48,182,20250519,145601,0.776048,3880.24,2025-05-19FOF国君收盘调仓(05-19 14:27:50)
9220717,SH,688618,三旺通信,0000000038232142,4,1580795644,48,50,48,48,600,20250519,145611,2.5584000000000002,12792,2025-05-19FOF国君收盘调仓(05-19 14:27:50)
9220717,SH,688618,三旺通信,0000000038283807,4,1580795644,48,50,48,48,2500,20250519,145622,10.66,53300,2025-05-19FOF国君收盘调仓(05-19 14:27:50)
9220717,SH,688618,三旺通信,0000000038290528,4,1580795644,48,50,48,48,229,20250519,145623,0.976456,4882.28,2025-05-19FOF国君收盘调仓(05-19 14:27:50)
9220717,SH,688618,三旺通信,0000000038298147,4,1580795644,48,50,48,48,200,20250519,145625,0.8528,4264,2025-05-19FOF国君收盘调仓(05-19 14:27:50)
9220717,SZ,000637,茂化实华,0104000045444800,1,1580731936,48,50,48,48,100,20250519,143603,0.07740000000000001,387,2025-05-19FOF国君收盘调仓(05-19 14:27:50)
9220717,SZ,000637,茂化实华,0104000045444853,1,1580731936,48,50,48,48,1100,20250519,143603,0.8514,4257,2025-05-19FOF国君收盘调仓(05-19 14:27:50)
9220717,SZ,000637,茂化实华,0104000045445037,1,1580731936,48,50,48,48,600,20250519,143603,0.46440000000000003,2322,2025-05-19FOF国君收盘调仓(05-19 14:27:50)
9220717,SZ,000637,茂化实华,0104000045445040,1,1580731936,48,50,48,48,200,20250519,143603,0.15480000000000002,774,2025-05-19FOF国君收盘调仓(05-19 14:27:50)
9220717,SZ,000637,茂化实华,0104000045445076,1,1580731936,48,50,48,48,200,20250519,143603,0.15480000000000002,774,2025-05-19FOF国君收盘调仓(05-19 14:27:50)
9220717,SZ,000637,茂化实华,0104000045445131,1,1580731936,48,50,48,48,600,20250519,143603,0.46440000000000003,2322,2025-05-19FOF国君收盘调仓(05-19 14:27:50)
9220717,SZ,000637,茂化实华,0104000045617713,1,1580733602,48,50,48,48,13900,20250519,143707,10.7308,53654,2025-05-19FOF国君收盘调仓(05-19 14:27:50)
9220717,SZ,000637,茂化实华,0104000045629937,1,1580734276,48,50,48,48,4000,20250519,143711,3.0880000000000005,15440,2025-05-19FOF国君收盘调仓(05-19 14:27:50)
9220717,SZ,000637,茂化实华,0104000045631156,1,1580734276,48,50,48,48,20000,20250519,143711,15.440000000000001,77200,2025-05-19FOF国君收盘调仓(05-19 14:27:50)
9220717,SZ,000637,茂化实华,0104000045632750,1,1580734276,48,50,48,48,1200,20250519,143712,0.9264000000000001,4632,2025-05-19FOF国君收盘调仓(05-19 14:27:50)
9220717,SZ,000637,茂化实华,0104000045632830,1,1580734276,48,50,48,48,300,20250519,143712,0.23160000000000003,1158,2025-05-19FOF国君收盘调仓(05-19 14:27:50)
9220717,SZ,000637,茂化实华,0104000045635355,1,1580734276,48,50,48,48,3300,20250519,143713,2.5476,12738,2025-05-19FOF国君收盘调仓(05-19 14:27:50)
9220717,SZ,001373,翔腾新材,0101000049395478,1,1580729758,48,50,48,48,300,20250519,143557,1.7610000000000001,8805,2025-05-19FOF国君收盘调仓(05-19 14:27:50)
9220717,SZ,001373,翔腾新材,0101000050906033,1,1580746083,48,50,48,48,200,20250519,144412,1.174,5870,2025-05-19FOF国君收盘调仓(05-19 14:27:50)
9220717,SZ,001373,翔腾新材,0101000050977891,1,1580746083,48,50,48,48,300,20250519,144435,1.761,8805,2025-05-19FOF国君收盘调仓(05-19 14:27:50)
9220717,SZ,001373,翔腾新材,0101000050977923,1,1580746083,48,50,48,48,400,20250519,144435,2.348,11740,2025-05-19FOF国君收盘调仓(05-19 14:27:50)
9220717,SZ,001373,翔腾新材,0101000051105095,1,1580746083,48,50,48,48,1900,20250519,144508,11.153,55765,2025-05-19FOF国君收盘调仓(05-19 14:27:50)
9220717,SZ,001373,翔腾新材,0101000051105099,1,1580748585,48,50,48,48,1200,20250519,144508,7.044,35220,2025-05-19FOF国君收盘调仓(05-19 14:27:50)
9220717,SZ,001373,翔腾新材,0101000051105241,1,1580748585,48,50,48,48,400,20250519,144508,2.348,11740,2025-05-19FOF国君收盘调仓(05-19 14:27:50)
9220717,SZ,001373,翔腾新材,0101000051168467,1,1580748585,48,50,48,48,4000,20250519,144525,23.48,117400,2025-05-19FOF国君收盘调仓(05-19 14:27:50)
9220717,SZ,001373,翔腾新材,0101000052899815,1,1580780019,48,50,48,48,200,20250519,145230,1.1716,5858,2025-05-19FOF国君收盘调仓(05-19 14:27:50)
9220717,SZ,002072,凯瑞德,0101000049411208,1,1580729757,48,50,48,48,2300,20250519,143602,2.185,10925,2025-05-19FOF国君收盘调仓(05-19 14:27:50)
9220717,SZ,002072,凯瑞德,0101000049411210,1,1580731195,48,50,48,48,34700,20250519,143602,32.965,164825,2025-05-19FOF国君收盘调仓(05-19 14:27:50)
9220717,SZ,002084,海鸥住工,0105000044441780,1,1580722013,48,50,48,48,1300,20250519,143620,0.9229999999999999,4615,2025-05-19FOF国君收盘调仓(05-19 14:27:50)
9220717,SZ,002084,海鸥住工,0105000044444517,1,1580722013,48,50,48,48,300,20250519,143621,0.213,1065,2025-05-19FOF国君收盘调仓(05-19 14:27:50)
9220717,SZ,002084,海鸥住工,0105000044460054,1,1580722013,48,50,48,48,1400,20250519,143627,0.994,4970,2025-05-19FOF国君收盘调仓(05-19 14:27:50)
9220717,SZ,002084,海鸥住工,0105000045895985,1,1580725165,48,50,48,48,600,20250519,144453,0.42600000000000005,2130,2025-05-19FOF国君收盘调仓(05-19 14:27:50)
9220717,SZ,002084,海鸥住工,0105000045898529,1,1580725165,48,50,48,48,100,20250519,144454,0.07100000000000001,355,2025-05-19FOF国君收盘调仓(05-19 14:27:50)
9220717,SZ,002084,海鸥住工,0105000045902176,1,1580725165,48,50,48,48,100,20250519,144455,0.07100000000000001,355,2025-05-19FOF国君收盘调仓(05-19 14:27:50)
9220717,SZ,002084,海鸥住工,0105000045906843,1,1580725165,48,50,48,48,100,20250519,144457,0.07100000000000001,355,2025-05-19FOF国君收盘调仓(05-19 14:27:50)
9220717,SZ,002084,海鸥住工,0105000045907188,1,1580725165,48,50,48,48,300,20250519,144457,0.21300000000000002,1065,2025-05-19FOF国君收盘调仓(05-19 14:27:50)
9220717,SZ,002084,海鸥住工,0105000045907361,1,1580725165,48,50,48,48,200,20250519,144457,0.14200000000000002,710,2025-05-19FOF国君收盘调仓(05-19 14:27:50)
9220717,SZ,002084,海鸥住工,0105000045908197,1,1580725165,48,50,48,48,400,20250519,144457,0.28400000000000003,1420,2025-05-19FOF国君收盘调仓(05-19 14:27:50)
9220717,SZ,002084,海鸥住工,0105000045910203,1,1580725165,48,50,48,48,300,20250519,144458,0.21300000000000002,1065,2025-05-19FOF国君收盘调仓(05-19 14:27:50)
9220717,SZ,002084,海鸥住工,0105000045910215,1,1580725165,48,50,48,48,100,20250519,144458,0.07100000000000001,355,2025-05-19FOF国君收盘调仓(05-19 14:27:50)
9220717,SZ,002084,海鸥住工,0105000045910287,1,1580725165,48,50,48,48,300,20250519,144458,0.21300000000000002,1065,2025-05-19FOF国君收盘调仓(05-19 14:27:50)
9220717,SZ,002084,海鸥住工,0105000045910341,1,1580725165,48,50,48,48,200,20250519,144458,0.14200000000000002,710,2025-05-19FOF国君收盘调仓(05-19 14:27:50)
9220717,SZ,002084,海鸥住工,0105000045910415,1,1580725165,48,50,48,48,100,20250519,144458,0.07100000000000001,355,2025-05-19FOF国君收盘调仓(05-19 14:27:50)
9220717,SZ,002084,海鸥住工,0105000045910463,1,1580725165,48,50,48,48,100,20250519,144458,0.07100000000000001,355,2025-05-19FOF国君收盘调仓(05-19 14:27:50)
9220717,SZ,002084,海鸥住工,0105000045910544,1,1580725165,48,50,48,48,300,20250519,144458,0.21300000000000002,1065,2025-05-19FOF国君收盘调仓(05-19 14:27:50)
9220717,SZ,002084,海鸥住工,0105000045910635,1,1580725165,48,50,48,48,100,20250519,144458,0.07100000000000001,355,2025-05-19FOF国君收盘调仓(05-19 14:27:50)
9220717,SZ,002084,海鸥住工,0105000045911138,1,1580725165,48,50,48,48,500,20250519,144458,0.35500000000000004,1775,2025-05-19FOF国君收盘调仓(05-19 14:27:50)
9220717,SZ,002084,海鸥住工,0105000045913693,1,1580725165,48,50,48,48,200,20250519,144459,0.14200000000000002,710,2025-05-19FOF国君收盘调仓(05-19 14:27:50)
9220717,SZ,002084,海鸥住工,0105000045914865,1,1580725165,48,50,48,48,600,20250519,144459,0.42600000000000005,2130,2025-05-19FOF国君收盘调仓(05-19 14:27:50)
9220717,SZ,002084,海鸥住工,0105000045915154,1,1580725165,48,50,48,48,200,20250519,144459,0.14200000000000002,710,2025-05-19FOF国君收盘调仓(05-19 14:27:50)
9220717,SZ,002084,海鸥住工,0105000045918722,1,1580725165,48,50,48,48,400,20250519,144500,0.28400000000000003,1420,2025-05-19FOF国君收盘调仓(05-19 14:27:50)
9220717,SZ,002084,海鸥住工,0105000045918750,1,1580725165,48,50,48,48,100,20250519,144500,0.07100000000000001,355,2025-05-19FOF国君收盘调仓(05-19 14:27:50)
9220717,SZ,002084,海鸥住工,0105000045920618,1,1580725165,48,50,48,48,100,20250519,144500,0.07100000000000001,355,2025-05-19FOF国君收盘调仓(05-19 14:27:50)
9220717,SZ,002084,海鸥住工,0105000045920621,1,1580725165,48,50,48,48,100,20250519,144500,0.07100000000000001,355,2025-05-19FOF国君收盘调仓(05-19 14:27:50)
9220717,SZ,002084,海鸥住工,0105000045920633,1,1580725165,48,50,48,48,100,20250519,144500,0.07100000000000001,355,2025-05-19FOF国君收盘调仓(05-19 14:27:50)
9220717,SZ,002084,海鸥住工,0105000045920663,1,1580725165,48,50,48,48,100,20250519,144500,0.07100000000000001,355,2025-05-19FOF国君收盘调仓(05-19 14:27:50)
9220717,SZ,002084,海鸥住工,0105000045921796,1,1580725165,48,50,48,48,4700,20250519,144500,3.337,16685,2025-05-19FOF国君收盘调仓(05-19 14:27:50)
9220717,SZ,002084,海鸥住工,0105000045921832,1,1580725165,48,50,48,48,4900,20250519,144500,3.4790000000000005,17395,2025-05-19FOF国君收盘调仓(05-19 14:27:50)
9220717,SZ,002084,海鸥住工,0105000045921851,1,1580725165,48,50,48,48,100,20250519,144500,0.07100000000000001,355,2025-05-19FOF国君收盘调仓(05-19 14:27:50)
9220717,SZ,002084,海鸥住工,0105000045922149,1,1580725165,48,50,48,48,100,20250519,144500,0.07100000000000001,355,2025-05-19FOF国君收盘调仓(05-19 14:27:50)
9220717,SZ,002084,海鸥住工,0105000045927001,1,1580725165,48,50,48,48,100,20250519,144501,0.07100000000000001,355,2025-05-19FOF国君收盘调仓(05-19 14:27:50)
9220717,SZ,002084,海鸥住工,0105000045927148,1,1580725165,48,50,48,48,300,20250519,144501,0.21300000000000002,1065,2025-05-19FOF国君收盘调仓(05-19 14:27:50)
9220717,SZ,002084,海鸥住工,0105000045928262,1,1580725165,48,50,48,48,100,20250519,144501,0.07100000000000001,355,2025-05-19FOF国君收盘调仓(05-19 14:27:50)
9220717,SZ,002084,海鸥住工,0105000045928312,1,1580725165,48,50,48,48,300,20250519,144501,0.21300000000000002,1065,2025-05-19FOF国君收盘调仓(05-19 14:27:50)
9220717,SZ,002084,海鸥住工,0105000045928330,1,1580725165,48,50,48,48,300,20250519,144501,0.21300000000000002,1065,2025-05-19FOF国君收盘调仓(05-19 14:27:50)
9220717,SZ,002084,海鸥住工,0105000045928333,1,1580725165,48,50,48,48,200,20250519,144501,0.14200000000000002,710,2025-05-19FOF国君收盘调仓(05-19 14:27:50)
9220717,SZ,002084,海鸥住工,0105000045928395,1,1580725165,48,50,48,48,200,20250519,144501,0.14200000000000002,710,2025-05-19FOF国君收盘调仓(05-19 14:27:50)
9220717,SZ,002084,海鸥住工,0105000045928851,1,1580725165,48,50,48,48,500,20250519,144501,0.35500000000000004,1775,2025-05-19FOF国君收盘调仓(05-19 14:27:50)
9220717,SZ,002084,海鸥住工,0105000045928878,1,1580725165,48,50,48,48,500,20250519,144501,0.35500000000000004,1775,2025-05-19FOF国君收盘调仓(05-19 14:27:50)
9220717,SZ,002084,海鸥住工,0105000045928938,1,1580725165,48,50,48,48,100,20250519,144501,0.07100000000000001,355,2025-05-19FOF国君收盘调仓(05-19 14:27:50)
9220717,SZ,002084,海鸥住工,0105000045933083,1,1580725165,48,50,48,48,3700,20250519,144502,2.6270000000000002,13135,2025-05-19FOF国君收盘调仓(05-19 14:27:50)
9220717,SZ,002084,海鸥住工,0105000045938878,1,1580725165,48,50,48,48,700,20250519,144504,0.49700000000000005,2485,2025-05-19FOF国君收盘调仓(05-19 14:27:50)
9220717,SZ,002084,海鸥住工,0105000045951321,1,1580725165,48,50,48,48,1400,20250519,144507,0.9940000000000001,4970,2025-05-19FOF国君收盘调仓(05-19 14:27:50)
9220717,SZ,002084,海鸥住工,0105000045957545,1,1580725165,48,50,48,48,300,20250519,144508,0.21300000000000002,1065,2025-05-19FOF国君收盘调仓(05-19 14:27:50)
9220717,SZ,002084,海鸥住工,0105000045969646,1,1580725165,48,50,48,48,3000,20250519,144512,2.1300000000000003,10650,2025-05-19FOF国君收盘调仓(05-19 14:27:50)
9220717,SZ,002084,海鸥住工,0105000045973040,1,1580725165,48,50,48,48,1300,20250519,144513,0.923,4615,2025-05-19FOF国君收盘调仓(05-19 14:27:50)
9220717,SZ,002084,海鸥住工,0105000045977797,1,1580725165,48,50,48,48,2000,20250519,144514,1.4200000000000002,7100,2025-05-19FOF国君收盘调仓(05-19 14:27:50)
9220717,SZ,002084,海鸥住工,0105000045980067,1,1580725165,48,50,48,48,200,20250519,144515,0.14200000000000002,710,2025-05-19FOF国君收盘调仓(05-19 14:27:50)
9220717,SZ,002084,海鸥住工,0105000045980127,1,1580725165,48,50,48,48,100,20250519,144515,0.07100000000000001,355,2025-05-19FOF国君收盘调仓(05-19 14:27:50)
9220717,SZ,002084,海鸥住工,0105000045982241,1,1580725165,48,50,48,48,1200,20250519,144516,0.8520000000000001,4260,2025-05-19FOF国君收盘调仓(05-19 14:27:50)
9220717,SZ,002084,海鸥住工,0105000045998542,1,1580725165,48,50,48,48,1700,20250519,144521,1.207,6035,2025-05-19FOF国君收盘调仓(05-19 14:27:50)
9220717,SZ,002084,海鸥住工,0105000046008699,1,1580725165,48,50,48,48,12700,20250519,144524,9.017000000000001,45085,2025-05-19FOF国君收盘调仓(05-19 14:27:50)
9220717,SZ,002494,华斯股份,0103000043600785,1,1580722021,48,50,48,48,2200,20250519,143557,2.1032,10516,2025-05-19FOF国君收盘调仓(05-19 14:27:50)
9220717,SZ,002494,华斯股份,0103000044053671,1,1580725919,48,50,48,48,9100,20250519,143854,8.6996,43498,2025-05-19FOF国君收盘调仓(05-19 14:27:50)
9220717,SZ,002494,华斯股份,0103000044054668,1,1580725919,48,50,48,48,800,20250519,143855,0.7648,3824,2025-05-19FOF国君收盘调仓(05-19 14:27:50)
9220717,SZ,002494,华斯股份,0103000044054729,1,1580725919,48,50,48,48,12600,20250519,143855,12.0456,60228,2025-05-19FOF国君收盘调仓(05-19 14:27:50)
9220717,SZ,002494,华斯股份,0103000044054747,1,1580725919,48,50,48,48,100,20250519,143855,0.0956,478,2025-05-19FOF国君收盘调仓(05-19 14:27:50)
9220717,SZ,002494,华斯股份,0103000044054750,1,1580725919,48,50,48,48,200,20250519,143855,0.1912,956,2025-05-19FOF国君收盘调仓(05-19 14:27:50)
9220717,SZ,002494,华斯股份,0103000044054753,1,1580725919,48,50,48,48,300,20250519,143855,0.2868,1434,2025-05-19FOF国君收盘调仓(05-19 14:27:50)
9220717,SZ,002494,华斯股份,0103000044054756,1,1580725919,48,50,48,48,11400,20250519,143855,10.898399999999999,54492,2025-05-19FOF国君收盘调仓(05-19 14:27:50)
9220717,SZ,002495,佳隆股份,0104000044883732,2,1580721275,48,50,49,48,3940,20250519,143234,12.907440000000001,10756.2,2025-05-19FOF国君收盘调仓(05-19 14:27:50)
9220717,SZ,002495,佳隆股份,0104000044884891,2,1580721275,48,50,49,48,100,20250519,143235,0.3276,273,2025-05-19FOF国君收盘调仓(05-19 14:27:50)
9220717,SZ,002495,佳隆股份,0104000044884897,2,1580721275,48,50,49,48,100,20250519,143235,0.3276,273,2025-05-19FOF国君收盘调仓(05-19 14:27:50)
9220717,SZ,002495,佳隆股份,0104000044884900,2,1580721275,48,50,49,48,300,20250519,143235,0.9828000000000001,819,2025-05-19FOF国君收盘调仓(05-19 14:27:50)
9220717,SZ,002495,佳隆股份,0104000044885521,2,1580721275,48,50,49,48,500,20250519,143235,1.6380000000000001,1365,2025-05-19FOF国君收盘调仓(05-19 14:27:50)
9220717,SZ,002495,佳隆股份,0104000044885569,2,1580721275,48,50,49,48,100,20250519,143235,0.3276,273,2025-05-19FOF国君收盘调仓(05-19 14:27:50)
9220717,SZ,002495,佳隆股份,0104000044887391,2,1580721275,48,50,49,48,700,20250519,143236,2.2932000000000006,1911,2025-05-19FOF国君收盘调仓(05-19 14:27:50)
9220717,SZ,002495,佳隆股份,0104000044887484,2,1580721275,48,50,49,48,400,20250519,143236,1.3104,1092,2025-05-19FOF国君收盘调仓(05-19 14:27:50)
9220717,SZ,002495,佳隆股份,0104000044887488,2,1580721275,48,50,49,48,100,20250519,143236,0.3276,273,2025-05-19FOF国君收盘调仓(05-19 14:27:50)
9220717,SZ,002495,佳隆股份,0104000044888268,2,1580721275,48,50,49,48,100,20250519,143236,0.3276,273,2025-05-19FOF国君收盘调仓(05-19 14:27:50)
9220717,SZ,002495,佳隆股份,0104000044891741,2,1580721275,48,50,49,48,100,20250519,143238,0.3276,273,2025-05-19FOF国君收盘调仓(05-19 14:27:50)
9220717,SZ,002495,佳隆股份,0104000044892541,2,1580721275,48,50,49,48,200,20250519,143238,0.6552,546,2025-05-19FOF国君收盘调仓(05-19 14:27:50)
9220717,SZ,002495,佳隆股份,0104000044893328,2,1580721275,48,50,49,48,4100,20250519,143239,13.4316,11193,2025-05-19FOF国君收盘调仓(05-19 14:27:50)
9220717,SZ,002495,佳隆股份,0104000044893331,2,1580721275,48,50,49,48,27100,20250519,143239,88.7796,73983,2025-05-19FOF国君收盘调仓(05-19 14:27:50)
9220717,SZ,002495,佳隆股份,0104000044893334,2,1580721275,48,50,49,48,13100,20250519,143239,42.915600000000005,35763,2025-05-19FOF国君收盘调仓(05-19 14:27:50)
9220717,SZ,002495,佳隆股份,0104000044893337,2,1580721275,48,50,49,48,5600,20250519,143239,18.345600000000005,15288,2025-05-19FOF国君收盘调仓(05-19 14:27:50)
9220717,SZ,002495,佳隆股份,0104000044897635,2,1580721275,48,50,49,48,300,20250519,143241,0.9828000000000001,819,2025-05-19FOF国君收盘调仓(05-19 14:27:50)
9220717,SZ,002495,佳隆股份,0104000044897638,2,1580721275,48,50,49,48,300,20250519,143241,0.9828000000000001,819,2025-05-19FOF国君收盘调仓(05-19 14:27:50)
9220717,SZ,002495,佳隆股份,0104000044897641,2,1580721275,48,50,49,48,300,20250519,143241,0.9828000000000001,819,2025-05-19FOF国君收盘调仓(05-19 14:27:50)
9220717,SZ,002495,佳隆股份,0104000044900378,2,1580721275,48,50,49,48,2600,20250519,143242,8.5176,7098,2025-05-19FOF国君收盘调仓(05-19 14:27:50)
9220717,SZ,002495,佳隆股份,0104000044901433,2,1580721275,48,50,49,48,500,20250519,143243,1.6380000000000001,1365,2025-05-19FOF国君收盘调仓(05-19 14:27:50)
9220717,SZ,002495,佳隆股份,0104000044901577,2,1580721275,48,50,49,48,4200,20250519,143243,13.7592,11466,2025-05-19FOF国君收盘调仓(05-19 14:27:50)
9220717,SZ,002495,佳隆股份,0104000044902126,2,1580721275,48,50,49,48,200,20250519,143243,0.6552,546,2025-05-19FOF国君收盘调仓(05-19 14:27:50)
9220717,SZ,002495,佳隆股份,0104000044905003,2,1580721275,48,50,49,48,160,20250519,143244,0.5241600000000001,436.8,2025-05-19FOF国君收盘调仓(05-19 14:27:50)
9220717,SZ,002883,中设股份,0103000043234973,1,1580725916,48,50,48,48,900,20250519,143334,1.971,9855,2025-05-19FOF国君收盘调仓(05-19 14:27:50)
9220717,SZ,002883,中设股份,0103000043576528,1,1580729759,48,50,48,48,10000,20250519,143547,21.900000000000002,109500,2025-05-19FOF国君收盘调仓(05-19 14:27:50)
9220717,SZ,002883,中设股份,0103000043576593,1,1580729759,48,50,48,48,3600,20250519,143547,7.884,39420,2025-05-19FOF国君收盘调仓(05-19 14:27:50)
9220717,SZ,002883,中设股份,0103000043576605,1,1580730477,48,50,48,48,700,20250519,143547,1.5330000000000001,7665,2025-05-19FOF国君收盘调仓(05-19 14:27:50)
9220717,SZ,002883,中设股份,0103000043576614,1,1580730477,48,50,48,48,100,20250519,143547,0.21900000000000003,1095,2025-05-19FOF国君收盘调仓(05-19 14:27:50)
9220717,SZ,002883,中设股份,0103000043576617,1,1580730477,48,50,48,48,100,20250519,143547,0.21900000000000003,1095,2025-05-19FOF国君收盘调仓(05-19 14:27:50)
9220717,SZ,002883,中设股份,0103000043576620,1,1580730477,48,50,48,48,200,20250519,143547,0.43800000000000006,2190,2025-05-19FOF国君收盘调仓(05-19 14:27:50)
9220717,SZ,002883,中设股份,0103000043576623,1,1580730477,48,50,48,48,200,20250519,143547,0.43800000000000006,2190,2025-05-19FOF国君收盘调仓(05-19 14:27:50)
9220717,SZ,002883,中设股份,0103000043576626,1,1580730477,48,50,48,48,200,20250519,143547,0.43800000000000006,2190,2025-05-19FOF国君收盘调仓(05-19 14:27:50)
9220717,SZ,002883,中设股份,0103000043576629,1,1580730477,48,50,48,48,200,20250519,143547,0.43800000000000006,2190,2025-05-19FOF国君收盘调仓(05-19 14:27:50)
9220717,SZ,002883,中设股份,0103000043576632,1,1580730477,48,50,48,48,700,20250519,143547,1.5330000000000001,7665,2025-05-19FOF国君收盘调仓(05-19 14:27:50)
9220717,SZ,002883,中设股份,0103000043576635,1,1580730477,48,50,48,48,100,20250519,143547,0.21900000000000003,1095,2025-05-19FOF国君收盘调仓(05-19 14:27:50)
9220717,SZ,002883,中设股份,0103000043576638,1,1580730477,48,50,48,48,100,20250519,143547,0.21900000000000003,1095,2025-05-19FOF国君收盘调仓(05-19 14:27:50)
9220717,SZ,002883,中设股份,0103000043576641,1,1580730477,48,50,48,48,500,20250519,143547,1.0950000000000002,5475,2025-05-19FOF国君收盘调仓(05-19 14:27:50)
9220717,SZ,002883,中设股份,0103000043576644,1,1580730477,48,50,48,48,100,20250519,143547,0.21900000000000003,1095,2025-05-19FOF国君收盘调仓(05-19 14:27:50)
9220717,SZ,002883,中设股份,0103000043576647,1,1580730477,48,50,48,48,400,20250519,143547,0.8760000000000001,4380,2025-05-19FOF国君收盘调仓(05-19 14:27:50)
9220717,SZ,002883,中设股份,0103000043576650,1,1580730477,48,50,48,48,100,20250519,143547,0.21900000000000003,1095,2025-05-19FOF国君收盘调仓(05-19 14:27:50)
9220717,SZ,002883,中设股份,0103000043576653,1,1580730477,48,50,48,48,200,20250519,143547,0.43800000000000006,2190,2025-05-19FOF国君收盘调仓(05-19 14:27:50)
9220717,SZ,002883,中设股份,0103000043576656,1,1580730477,48,50,48,48,100,20250519,143547,0.21900000000000003,1095,2025-05-19FOF国君收盘调仓(05-19 14:27:50)
9220717,SZ,002883,中设股份,0103000043576659,1,1580730477,48,50,48,48,100,20250519,143547,0.21900000000000003,1095,2025-05-19FOF国君收盘调仓(05-19 14:27:50)
9220717,SZ,002883,中设股份,0103000043576662,1,1580730477,48,50,48,48,100,20250519,143547,0.21900000000000003,1095,2025-05-19FOF国君收盘调仓(05-19 14:27:50)
9220717,SZ,002883,中设股份,0103000043576665,1,1580730477,48,50,48,48,100,20250519,143547,0.21900000000000003,1095,2025-05-19FOF国君收盘调仓(05-19 14:27:50)
9220717,SZ,002883,中设股份,0103000043576668,1,1580730477,48,50,48,48,100,20250519,143547,0.21900000000000003,1095,2025-05-19FOF国君收盘调仓(05-19 14:27:50)
9220717,SZ,002883,中设股份,0103000043576671,1,1580730477,48,50,48,48,100,20250519,143547,0.21900000000000003,1095,2025-05-19FOF国君收盘调仓(05-19 14:27:50)
9220717,SZ,002883,中设股份,0103000043576674,1,1580730477,48,50,48,48,100,20250519,143547,0.21900000000000003,1095,2025-05-19FOF国君收盘调仓(05-19 14:27:50)
9220717,SZ,002883,中设股份,0103000043576677,1,1580730477,48,50,48,48,100,20250519,143547,0.21900000000000003,1095,2025-05-19FOF国君收盘调仓(05-19 14:27:50)
9220717,SZ,002883,中设股份,0103000043576680,1,1580730477,48,50,48,48,700,20250519,143547,1.5330000000000001,7665,2025-05-19FOF国君收盘调仓(05-19 14:27:50)
9220717,SZ,002883,中设股份,0103000043576683,1,1580730477,48,50,48,48,200,20250519,143547,0.43800000000000006,2190,2025-05-19FOF国君收盘调仓(05-19 14:27:50)
9220717,SZ,002883,中设股份,0103000043576699,1,1580730477,48,50,48,48,3600,20250519,143547,7.884,39420,2025-05-19FOF国君收盘调仓(05-19 14:27:50)
9220717,SZ,002883,中设股份,0103000043576711,1,1580730477,48,50,48,48,200,20250519,143547,0.43800000000000006,2190,2025-05-19FOF国君收盘调仓(05-19 14:27:50)
9220717,SZ,002968,新大正,0101000049913719,2,1580721277,48,50,49,48,200,20250519,143903,2.388,1990,2025-05-19FOF国君收盘调仓(05-19 14:27:50)
9220717,SZ,002968,新大正,0101000049926241,2,1580721277,48,50,49,48,300,20250519,143907,3.5820000000000003,2985,2025-05-19FOF国君收盘调仓(05-19 14:27:50)
9220717,SZ,002968,新大正,0101000049971216,2,1580721277,48,50,49,48,2700,20250519,143924,32.238,26865,2025-05-19FOF国君收盘调仓(05-19 14:27:50)
9220717,SZ,002968,新大正,0101000049973089,2,1580721277,48,50,49,48,1100,20250519,143924,13.134000000000002,10945,2025-05-19FOF国君收盘调仓(05-19 14:27:50)
9220717,SZ,002968,新大正,0101000049976721,2,1580721277,48,50,49,48,400,20250519,143925,4.776,3980,2025-05-19FOF国君收盘调仓(05-19 14:27:50)
9220717,SZ,002968,新大正,0101000049982402,2,1580721277,48,50,49,48,100,20250519,143927,1.194,995,2025-05-19FOF国君收盘调仓(05-19 14:27:50)
9220717,SZ,002968,新大正,0101000049985536,2,1580721277,48,50,49,48,400,20250519,143928,4.776,3980,2025-05-19FOF国君收盘调仓(05-19 14:27:50)
9220717,SZ,002968,新大正,0101000049991341,2,1580721277,48,50,49,48,100,20250519,143930,1.194,995,2025-05-19FOF国君收盘调仓(05-19 14:27:50)
9220717,SZ,002968,新大正,0101000049994163,2,1580721277,48,50,49,48,400,20250519,143931,4.776,3980,2025-05-19FOF国君收盘调仓(05-19 14:27:50)
9220717,SZ,002968,新大正,0101000049997586,2,1580721277,48,50,49,48,300,20250519,143933,3.5820000000000003,2985,2025-05-19FOF国君收盘调仓(05-19 14:27:50)
9220717,SZ,002968,新大正,0101000050039726,2,1580721277,48,50,49,48,300,20250519,143949,3.5820000000000003,2985,2025-05-19FOF国君收盘调仓(05-19 14:27:50)
9220717,SZ,002968,新大正,0101000050041848,2,1580721277,48,50,49,48,400,20250519,143949,4.776,3980,2025-05-19FOF国君收盘调仓(05-19 14:27:50)
9220717,SZ,002968,新大正,0101000050042993,2,1580721277,48,50,49,48,100,20250519,143950,1.194,995,2025-05-19FOF国君收盘调仓(05-19 14:27:50)
9220717,SZ,002968,新大正,0101000050148147,2,1580721277,48,50,49,48,400,20250519,144018,4.776,3980,2025-05-19FOF国君收盘调仓(05-19 14:27:50)
9220717,SZ,002968,新大正,0101000050158596,2,1580721277,48,50,49,48,300,20250519,144020,3.5820000000000003,2985,2025-05-19FOF国君收盘调仓(05-19 14:27:50)
9220717,SZ,002968,新大正,0101000050168351,2,1580721277,48,50,49,48,100,20250519,144022,1.194,995,2025-05-19FOF国君收盘调仓(05-19 14:27:50)
9220717,SZ,002968,新大正,0101000050168840,2,1580721277,48,50,49,48,100,20250519,144022,1.194,995,2025-05-19FOF国君收盘调仓(05-19 14:27:50)
9220717,SZ,002968,新大正,0101000050168884,2,1580721277,48,50,49,48,2100,20250519,144022,25.073999999999998,20895,2025-05-19FOF国君收盘调仓(05-19 14:27:50)
9220717,SZ,002968,新大正,0101000050168910,2,1580721277,48,50,49,48,1900,20250519,144022,22.686000000000003,18905,2025-05-19FOF国君收盘调仓(05-19 14:27:50)
9220717,SZ,002968,新大正,0101000050168936,2,1580721277,48,50,49,48,300,20250519,144022,3.5820000000000003,2985,2025-05-19FOF国君收盘调仓(05-19 14:27:50)
9220717,SZ,002968,新大正,0101000050168948,2,1580721277,48,50,49,48,100,20250519,144022,1.194,995,2025-05-19FOF国君收盘调仓(05-19 14:27:50)
9220717,SZ,002968,新大正,0101000050173405,2,1580721277,48,50,49,48,100,20250519,144023,1.194,995,2025-05-19FOF国君收盘调仓(05-19 14:27:50)
9220717,SZ,002968,新大正,0101000050173425,2,1580721277,48,50,49,48,200,20250519,144023,2.388,1990,2025-05-19FOF国君收盘调仓(05-19 14:27:50)
9220717,SZ,002968,新大正,0101000050173504,2,1580721277,48,50,49,48,200,20250519,144023,2.388,1990,2025-05-19FOF国君收盘调仓(05-19 14:27:50)
9220717,SZ,002968,新大正,0101000050174470,2,1580721277,48,50,49,48,100,20250519,144023,1.194,995,2025-05-19FOF国君收盘调仓(05-19 14:27:50)
9220717,SZ,002968,新大正,0101000050174491,2,1580721277,48,50,49,48,100,20250519,144023,1.194,995,2025-05-19FOF国君收盘调仓(05-19 14:27:50)
9220717,SZ,002968,新大正,0101000050174516,2,1580721277,48,50,49,48,100,20250519,144023,1.194,995,2025-05-19FOF国君收盘调仓(05-19 14:27:50)
9220717,SZ,002968,新大正,0101000050179490,2,1580721277,48,50,49,48,100,20250519,144024,1.194,995,2025-05-19FOF国君收盘调仓(05-19 14:27:50)
9220717,SZ,002968,新大正,0101000050179526,2,1580721277,48,50,49,48,100,20250519,144024,1.194,995,2025-05-19FOF国君收盘调仓(05-19 14:27:50)
9220717,SZ,002968,新大正,0101000050179605,2,1580721277,48,50,49,48,100,20250519,144024,1.194,995,2025-05-19FOF国君收盘调仓(05-19 14:27:50)
9220717,SZ,002968,新大正,0101000050179623,2,1580721277,48,50,49,48,100,20250519,144024,1.194,995,2025-05-19FOF国君收盘调仓(05-19 14:27:50)
9220717,SZ,002968,新大正,0101000050179633,2,1580721277,48,50,49,48,900,20250519,144024,10.746000000000002,8955,2025-05-19FOF国君收盘调仓(05-19 14:27:50)
9220717,SZ,002968,新大正,0101000050180963,2,1580721277,48,50,49,48,300,20250519,144025,3.5820000000000003,2985,2025-05-19FOF国君收盘调仓(05-19 14:27:50)
9220717,SZ,002968,新大正,0101000050180988,2,1580721277,48,50,49,48,400,20250519,144025,4.776,3980,2025-05-19FOF国君收盘调仓(05-19 14:27:50)
9220717,SZ,002968,新大正,0101000050181046,2,1580721277,48,50,49,48,700,20250519,144025,8.358,6965,2025-05-19FOF国君收盘调仓(05-19 14:27:50)
9220717,SZ,002968,新大正,0101000050191526,2,1580721277,48,50,49,48,100,20250519,144028,1.194,995,2025-05-19FOF国君收盘调仓(05-19 14:27:50)
9220717,SZ,002968,新大正,0101000050238360,2,1580721277,48,50,49,48,100,20250519,144043,1.194,995,2025-05-19FOF国君收盘调仓(05-19 14:27:50)
9220717,SZ,002968,新大正,0101000050291447,2,1580721277,48,50,49,48,500,20250519,144100,5.97,4975,2025-05-19FOF国君收盘调仓(05-19 14:27:50)
9220717,SZ,002968,新大正,0101000050357438,2,1580721277,48,50,49,48,8400,20250519,144120,100.29599999999999,83580,2025-05-19FOF国君收盘调仓(05-19 14:27:50)
9220717,SZ,300069,金利华电,0105000043605590,2,1580721278,48,50,49,48,14500,20250519,143050,339.3,282750,2025-05-19FOF国君收盘调仓(05-19 14:27:50)
9220717,SZ,300639,凯普生物,0105000045380781,1,1580730481,48,50,48,48,2000,20250519,144208,2.16,10800,2025-05-19FOF国君收盘调仓(05-19 14:27:50)
9220717,SZ,300639,凯普生物,0105000045380783,1,1580731937,48,50,48,48,5700,20250519,144208,6.156000000000001,30780,2025-05-19FOF国君收盘调仓(05-19 14:27:50)
9220717,SZ,301027,华蓝集团,0103000042823166,2,1580721282,48,50,49,48,400,20250519,143050,7.152,5960,2025-05-19FOF国君收盘调仓(05-19 14:27:50)
9220717,SZ,301027,华蓝集团,0103000042830915,2,1580721282,48,50,49,48,3600,20250519,143053,64.36800000000001,53640,2025-05-19FOF国君收盘调仓(05-19 14:27:50)
9220717,SZ,301027,华蓝集团,0103000042832116,2,1580721282,48,50,49,48,100,20250519,143054,1.788,1490,2025-05-19FOF国君收盘调仓(05-19 14:27:50)
9220717,SZ,301027,华蓝集团,0103000042838797,2,1580721282,48,50,49,48,1100,20250519,143056,19.668,16390,2025-05-19FOF国君收盘调仓(05-19 14:27:50)
9220717,SZ,301027,华蓝集团,0103000042843975,2,1580721282,48,50,49,48,500,20250519,143058,8.94,7450,2025-05-19FOF国君收盘调仓(05-19 14:27:50)
9220717,SZ,301027,华蓝集团,0103000042844431,2,1580721282,48,50,49,48,2500,20250519,143058,44.7,37250,2025-05-19FOF国君收盘调仓(05-19 14:27:50)
9220717,SZ,301027,华蓝集团,0103000042857600,2,1580721282,48,50,49,48,1000,20250519,143103,17.88,14900,2025-05-19FOF国君收盘调仓(05-19 14:27:50)
9220717,SZ,301027,华蓝集团,0103000042861285,2,1580721282,48,50,49,48,600,20250519,143103,10.728000000000002,8940,2025-05-19FOF国君收盘调仓(05-19 14:27:50)
9220717,SZ,301027,华蓝集团,0103000042868139,2,1580721282,48,50,49,48,2700,20250519,143106,48.276,40230,2025-05-19FOF国君收盘调仓(05-19 14:27:50)
9220717,SZ,301027,华蓝集团,0103000043287220,2,1580727015,48,50,49,48,200,20250519,143358,3.5736,2978,2025-05-19FOF国君收盘调仓(05-19 14:27:50)
9220717,SZ,301027,华蓝集团,0103000043294857,2,1580727015,48,50,49,48,400,20250519,143401,7.1472,5956,2025-05-19FOF国君收盘调仓(05-19 14:27:50)
9220717,SZ,301027,华蓝集团,0103000043294860,2,1580727015,48,50,49,48,100,20250519,143401,1.7868,1489,2025-05-19FOF国君收盘调仓(05-19 14:27:50)
9220717,SZ,301027,华蓝集团,0103000043294926,2,1580727015,48,50,49,48,100,20250519,143401,1.7868,1489,2025-05-19FOF国君收盘调仓(05-19 14:27:50)
9220717,SZ,301027,华蓝集团,0103000043300769,2,1580727015,48,50,49,48,6100,20250519,143404,108.9948,90829,2025-05-19FOF国君收盘调仓(05-19 14:27:50)
9220717,SZ,301097,天益医疗,0104000044792223,2,1580723871,48,50,49,48,100,20250519,143200,4.5840000000000005,3820,2025-05-19FOF国君收盘调仓(05-19 14:27:50)
9220717,SZ,301097,天益医疗,0104000044792225,2,1580723871,48,50,49,48,200,20250519,143200,9.168000000000001,7640,2025-05-19FOF国君收盘调仓(05-19 14:27:50)
9220717,SZ,301097,天益医疗,0104000044792227,2,1580723871,48,50,49,48,200,20250519,143200,9.168000000000001,7640,2025-05-19FOF国君收盘调仓(05-19 14:27:50)
9220717,SZ,301097,天益医疗,0104000044792229,2,1580723871,48,50,49,48,400,20250519,143200,18.336000000000002,15280,2025-05-19FOF国君收盘调仓(05-19 14:27:50)
9220717,SZ,301097,天益医疗,0104000044792231,2,1580723871,48,50,49,48,100,20250519,143200,4.5840000000000005,3820,2025-05-19FOF国君收盘调仓(05-19 14:27:50)
9220717,SZ,301097,天益医疗,0104000044792233,2,1580723871,48,50,49,48,100,20250519,143200,4.5840000000000005,3820,2025-05-19FOF国君收盘调仓(05-19 14:27:50)
9220717,SZ,301097,天益医疗,0104000044792235,2,1580723871,48,50,49,48,100,20250519,143200,4.5840000000000005,3820,2025-05-19FOF国君收盘调仓(05-19 14:27:50)
9220717,SZ,301097,天益医疗,0104000044792237,2,1580723871,48,50,49,48,100,20250519,143200,4.5840000000000005,3820,2025-05-19FOF国君收盘调仓(05-19 14:27:50)
9220717,SZ,301097,天益医疗,0104000044792239,2,1580723871,48,50,49,48,100,20250519,143200,4.5840000000000005,3820,2025-05-19FOF国君收盘调仓(05-19 14:27:50)
9220717,SZ,301097,天益医疗,0104000044792241,2,1580723871,48,50,49,48,100,20250519,143200,4.5840000000000005,3820,2025-05-19FOF国君收盘调仓(05-19 14:27:50)
9220717,SZ,301097,天益医疗,0104000044792268,2,1580723871,48,50,49,48,100,20250519,143200,4.5840000000000005,3820,2025-05-19FOF国君收盘调仓(05-19 14:27:50)
9220717,SZ,301097,天益医疗,0104000044799185,2,1580723871,48,50,49,48,200,20250519,143202,9.168000000000001,7640,2025-05-19FOF国君收盘调仓(05-19 14:27:50)
9220717,SZ,301097,天益医疗,0104000044799210,2,1580723871,48,50,49,48,400,20250519,143202,18.336000000000002,15280,2025-05-19FOF国君收盘调仓(05-19 14:27:50)
9220717,SZ,301097,天益医疗,0104000044799389,2,1580723871,48,50,49,48,100,20250519,143202,4.5840000000000005,3820,2025-05-19FOF国君收盘调仓(05-19 14:27:50)
9220717,SZ,301097,天益医疗,0104000044801991,2,1580723871,48,50,49,48,200,20250519,143203,9.168000000000001,7640,2025-05-19FOF国君收盘调仓(05-19 14:27:50)
9220717,SZ,301097,天益医疗,0104000044817895,2,1580723871,48,50,49,48,400,20250519,143209,18.336000000000002,15280,2025-05-19FOF国君收盘调仓(05-19 14:27:50)
9220717,SZ,301097,天益医疗,0104000044888570,2,1580723871,48,50,49,48,800,20250519,143236,36.672000000000004,30560,2025-05-19FOF国君收盘调仓(05-19 14:27:50)
9220717,SZ,301097,天益医疗,0104000044888611,2,1580723871,48,50,49,48,400,20250519,143236,18.336000000000002,15280,2025-05-19FOF国君收盘调仓(05-19 14:27:50)
9220717,SZ,301097,天益医疗,0104000044888627,2,1580723871,48,50,49,48,400,20250519,143236,18.336000000000002,15280,2025-05-19FOF国君收盘调仓(05-19 14:27:50)
9220717,SZ,301097,天益医疗,0104000044888632,2,1580723871,48,50,49,48,600,20250519,143236,27.504,22920,2025-05-19FOF国君收盘调仓(05-19 14:27:50)
9220717,SZ,301097,天益医疗,0104000044888667,2,1580723871,48,50,49,48,100,20250519,143237,4.5840000000000005,3820,2025-05-19FOF国君收盘调仓(05-19 14:27:50)
9220717,SZ,301097,天益医疗,0104000044888682,2,1580723871,48,50,49,48,600,20250519,143237,27.504,22920,2025-05-19FOF国君收盘调仓(05-19 14:27:50)
